MarriedID,MaritalStatusID,GenderID,DeptID,PerfScoreID,FromDiversityJobFairID,Salary,PositionID,State,CitizenDesc,TermReason,RecruitmentSource,EngagementSurvey,EmpSatisfaction,SpecialProjectsCount,DaysLateLast30,Absences,Age,DaysSinceHire,DaysSinceTermination,DaysSinceLastReview,EmploymentStatus
1.0,0.25,0.0,0.8,0.6666666666666667,0.0,0.09713887018550502,0.6551724137931035,0.37037037037037035,1.0,0.4117647058823529,0.625,0.4896907216494846,0.5,0.0,0.0,0.10526315789473684,0.8400000000000001,0.5611305872042068,0.7474949899799599,0.7870517296096476,2
1.0,0.25,0.0,0.8,0.6666666666666667,0.0,0.0973145193555627,0.6206896551724138,0.37037037037037035,1.0,0.1764705882352941,0.5,0.9587628865979381,1.0,0.0,0.0,0.736842105263158,0.8400000000000001,0.8404907975460124,0.7474949899799599,0.01777213582989534,2
0.0,0.5,0.0,0.8,0.6666666666666667,0.0,0.02819657093786898,0.6206896551724138,0.37037037037037035,1.0,0.9411764705882353,0.375,1.0,0.75,0.0,0.0,0.05263157894736842,0.8300000000000001,0.5598159509202454,0.2655310621242485,0.3563947953030784,1
0.0,0.0,0.0,0.8,1.0,0.0,0.06109663631839338,0.6206896551724138,0.37037037037037035,1.0,0.1764705882352941,0.625,1.0,1.0,0.0,0.0,0.736842105263158,0.96,0.5199386503067485,0.2655310621242485,0.01650269755633138,2
0.0,0.0,0.0,0.6000000000000001,0.6666666666666667,0.0,0.24695297481386067,0.7931034482758621,0.37037037037037035,1.0,0.1764705882352941,0.625,0.4948453608247423,0.5,0.5,0.0,0.9473684210526316,0.94,0.2929447852760736,0.2655310621242485,0.018089495398286304,1
0.0,1.0,1.0,0.8,0.6666666666666667,0.0,0.06986445739043881,0.6206896551724138,0.37037037037037035,1.0,0.1764705882352941,0.25,1.0,0.75,0.0,0.0,0.9473684210526316,0.9,0.38190184049079756,0.2655310621242485,0.0009520787051729984,1
0.0,0.0,0.0,0.8,0.6666666666666667,1.0,0.013617689823082257,0.6206896551724138,0.37037037037037035,1.0,0.1764705882352941,0.125,0.8608247422680413,0.5,0.0,0.0,0.15789473684210525,0.02999999999999997,0.7208588957055214,0.2655310621242485,0.010790225325293612,1
0.0,0.5,1.0,0.4000000000000001,0.6666666666666667,0.0,0.02503976502044361,0.44827586206896547,0.37037037037037035,1.0,0.1764705882352941,0.5,1.0,1.0,0.75,0.0,0.7894736842105263,0.8500000000000001,0.2806748466257669,0.2655310621242485,0.0031735956839099577,1
1.0,0.25,0.0,0.8,0.6666666666666667,1.0,0.04695687812875085,0.6206896551724138,0.37037037037037035,1.0,0.0,0.125,0.7938144329896908,0.75,0.0,0.0,0.5789473684210527,0.99,0.5996932515337424,0.22277889111556448,0.3570295144398604,1
1.0,0.25,1.0,0.8,0.6666666666666667,1.0,0.010563345921523859,0.6206896551724138,0.37037037037037035,1.0,1.0,0.125,0.7938144329896908,0.5,0.0,0.0,0.736842105263158,0.99,0.5015337423312883,0.2611890447561791,0.3262456363059346,2
0.0,0.5,1.0,0.4000000000000001,1.0,1.0,0.23069566829630064,0.27586206896551724,0.8518518518518519,1.0,0.1764705882352941,0.125,0.8144329896907216,0.75,0.625,0.0,0.42105263157894735,0.8500000000000001,0.2929447852760736,0.2611890447561791,0.0009520787051729984,2
0.0,0.0,1.0,0.8,0.6666666666666667,0.0,0.06666373918049903,0.6206896551724138,0.37037037037037035,1.0,0.1764705882352941,0.375,0.8969072164948453,0.75,0.0,0.0,0.3157894736842105,0.9,0.5107361963190185,0.2611890447561791,0.004443033957473808,1
0.0,0.5,1.0,0.8,0.6666666666666667,0.0,0.03639353220722699,0.6206896551724138,0.37037037037037035,1.0,0.0,0.75,1.0,1.0,0.0,0.0,0.0,0.96,0.46319018404907975,0.19472277889111556,0.23103776578863855,1
0.0,0.0,1.0,0.8,0.6666666666666667,0.0,0.062394488519375096,0.6206896551724138,0.37037037037037035,1.0,0.23529411764705882,0.375,1.0,0.75,0.0,0.0,1.0,0.91,0.5904907975460123,0.15464261857047434,0.22024754046334505,2
1.0,0.25,0.0,0.8,1.0,0.0,0.12239331752490804,0.6551724137931035,0.37037037037037035,1.0,0.1764705882352941,0.25,0.8453608247422681,0.5,0.0,0.0,0.7894736842105263,0.07,0.1573181419807187,0.15464261857047434,0.014281180577594421,3
0.0,0.0,0.0,0.8,0.6666666666666667,0.0,0.06821042770572908,0.6206896551724138,0.37037037037037035,0.0,0.1764705882352941,0.375,1.0,1.0,0.0,0.0,0.5789473684210527,0.020000000000000018,0.5812883435582822,0.15464261857047434,0.014281180577594421,1
0.0,0.0,0.0,0.4000000000000001,0.6666666666666667,0.0,0.3169198942201664,0.24137931034482757,0.37037037037037035,1.0,0.7647058823529411,0.375,0.8711340206185567,0.75,0.625,0.0,0.3684210526315789,0.87,0.32055214723926384,0.38577154308617234,0.4776261504284355,1
0.0,0.0,1.0,0.8,0.6666666666666667,0.0,0.029265103389053138,0.6206896551724138,0.37037037037037035,1.0,0.1764705882352941,0.375,1.0,0.5,0.0,0.0,0.631578947368421,0.020000000000000018,0.5015337423312883,0.38577154308617234,0.014281180577594421,3
1.0,0.25,0.0,0.8,1.0,0.0,0.08716102149750674,0.6206896551724138,0.37037037037037035,1.0,0.1764705882352941,0.5,1.0,0.5,0.0,0.0,0.9473684210526316,0.8300000000000001,0.32055214723926384,0.38577154308617234,0.0003173595683910735,1
0.0,0.0,0.0,0.8,0.3333333333333333,0.0,0.10438927759399672,0.6551724137931035,0.37037037037037035,1.0,0.1764705882352941,0.0,0.22680412371134018,0.5,0.0,0.3333333333333333,0.10526315789473684,0.8200000000000001,0.5812883435582822,0.38577154308617234,0.0003173595683910735,1
0.0,0.0,0.0,0.8,0.6666666666666667,0.0,0.06230178479073353,0.6551724137931035,0.37037037037037035,1.0,0.29411764705882354,0.375,0.9484536082474226,1.0,0.0,0.0,0.21052631578947367,0.06,0.5996932515337424,0.5614562458249834,0.5782291336083784,1
0.0,0.0,1.0,0.4000000000000001,0.6666666666666667,0.0,0.28575680396576786,1.0,0.14814814814814814,1.0,0.11764705882352941,0.625,0.6134020618556701,1.0,0.875,0.0,0.05263157894736842,0.08000000000000002,0.35122699386503065,0.3323313293253174,0.3633767058076801,1
1.0,0.25,0.0,0.0,0.6666666666666667,1.0,0.29919396547517974,0.8620689655172414,0.37037037037037035,1.0,0.1764705882352941,0.125,1.0,0.75,0.375,0.0,0.15789473684210525,0.86,0.2714723926380368,0.3323313293253174,0.0031735956839099577,2
0.0,0.0,1.0,0.8,0.6666666666666667,0.0,0.14279301696966148,0.5862068965517242,0.37037037037037035,1.0,0.8823529411764706,0.5,0.5850515463917526,0.5,0.0,0.0,0.6842105263157894,0.02999999999999997,0.38190184049079756,0.5197060788243153,0.5820374484290701,3
1.0,0.25,0.0,0.8,0.6666666666666667,0.0,0.041209246952974815,0.6206896551724138,0.37037037037037035,1.0,0.0,0.375,0.5747422680412372,0.75,0.0,0.0,0.2631578947368421,0.8200000000000001,0.5015337423312883,0.6593186372745492,0.6940653760710885,1
1.0,0.25,0.0,0.0,0.6666666666666667,1.0,0.08760014442265093,0.0,0.37037037037037035,1.0,0.1764705882352941,0.125,0.8711340206185567,0.25,0.75,0.0,0.6842105263157894,0.8500000000000001,0.7760736196319019,0.6593186372745492,0.013963821009203459,2
0.0,0.75,0.0,0.8,0.6666666666666667,1.0,0.09430896689013143,0.6206896551724138,0.37037037037037035,1.0,0.1764705882352941,0.125,0.6134020618556701,1.0,0.0,0.0,0.8421052631578947,0.02999999999999997,0.37269938650306755,0.6593186372745492,0.012059663598857573,2
1.0,0.25,0.0,1.0000000000000002,0.6666666666666667,0.0,0.14286132498023948,0.06896551724137931,0.9259259259259258,0.0,0.0,0.375,0.520618556701031,1.0,0.0,0.16666666666666666,0.9473684210526316,0.08999999999999997,0.5521472392638037,0.5213760855043421,0.7010472865756902,1
1.0,0.25,1.0,0.8,0.6666666666666667,0.0,0.08351142207519738,0.6551724137931035,0.37037037037037035,1.0,0.1764705882352941,0.5,0.5489690721649485,1.0,0.0,0.0,0.736842105263158,0.95,0.5812883435582822,0.5213760855043421,0.014281180577594421,1
0.0,0.0,1.0,0.6000000000000001,0.6666666666666667,0.0,0.15928452238063176,0.8275862068965517,0.37037037037037035,1.0,0.1764705882352941,0.375,0.7010309278350515,0.5,0.625,0.0,0.15789473684210525,0.06,0.5521472392638037,0.5213760855043421,0.012059663598857573,2
0.0,0.0,1.0,0.8,1.0,0.0,0.1346350888492052,0.5862068965517242,0.37037037037037035,1.0,0.1764705882352941,0.5,1.0,0.5,0.0,0.0,0.6842105263157894,0.89,0.19566170026292729,0.5213760855043421,0.0019041574103459968,1
0.0,0.0,0.0,0.6000000000000001,0.6666666666666667,0.0,0.23590659367467823,0.7931034482758621,0.37037037037037035,1.0,0.1764705882352941,0.5,0.9896907216494846,0.75,0.75,0.0,0.10526315789473684,0.86,0.37269938650306755,0.5213760855043421,0.009203427483338689,1
0.0,0.0,1.0,0.8,0.6666666666666667,0.0,0.03805732017916216,0.6206896551724138,0.37037037037037035,1.0,0.1764705882352941,0.625,0.8530927835051545,0.5,0.0,0.0,0.6842105263157894,0.9,0.34202453987730064,0.5213760855043421,0.008568708346556653,1
0.0,0.0,0.0,0.4000000000000001,0.6666666666666667,0.0,0.2682797115450296,0.896551724137931,0.37037037037037035,1.0,0.1764705882352941,0.625,1.0,1.0,0.75,0.0,0.3157894736842105,0.87,0.1619193689745837,0.5213760855043421,0.0031735956839099577,1
0.0,0.0,0.0,1.0000000000000002,0.6666666666666667,0.0,0.13082935683128896,0.06896551724137931,0.9629629629629629,1.0,0.1764705882352941,0.5,1.0,1.0,0.0,0.0,0.3157894736842105,0.09999999999999998,0.3113496932515337,0.5213760855043421,0.012059663598857573,1
0.0,0.0,0.0,0.8,0.6666666666666667,0.0,0.0810425754071645,0.6206896551724138,0.37037037037037035,1.0,0.1764705882352941,0.375,1.0,0.75,0.0,0.0,0.5263157894736843,0.21999999999999997,0.3021472392638037,0.5213760855043421,0.0050777530942558435,1
1.0,0.25,1.0,0.4000000000000001,0.6666666666666667,0.0,0.32145261863637686,0.13793103448275862,0.37037037037037035,1.0,0.1764705882352941,0.5,0.8711340206185567,1.0,0.875,0.0,0.3684210526315789,0.010000000000000009,0.14702015775635413,0.5213760855043421,0.013963821009203459,1
0.0,0.0,0.0,0.8,0.6666666666666667,0.0,0.044844208944446046,0.6206896551724138,0.37037037037037035,1.0,0.1764705882352941,0.5,0.5618556701030928,0.75,0.0,0.0,0.5263157894736843,0.94,0.33282208588957063,0.5213760855043421,0.0028562361155188842,1
0.0,0.0,1.0,1.0000000000000002,0.6666666666666667,0.0,0.1061799232998624,0.06896551724137931,0.8518518518518519,0.0,0.1764705882352941,0.25,0.48453608247422686,1.0,0.0,0.0,0.8421052631578947,0.02999999999999997,0.4923312883435583,0.5213760855043421,0.012694382735639498,1
0.0,0.0,0.0,0.8,0.6666666666666667,0.0,0.0963142949149565,0.6206896551724138,0.37037037037037035,1.0,0.8235294117647058,0.5,0.8195876288659794,0.75,0.0,0.0,0.10526315789473684,0.89,0.5628834355828222,0.36439545758183034,0.4604887337353222,1
0.0,0.0,0.0,0.8,0.6666666666666667,0.0,0.09646066922333793,0.6206896551724138,0.37037037037037035,0.5,0.1764705882352941,0.5,0.6340206185567011,1.0,0.0,0.0,0.10526315789473684,0.8500000000000001,0.5414110429447853,0.36439545758183034,0.009203427483338689,1
1.0,0.25,0.0,0.8,0.6666666666666667,0.0,0.09280131151380308,0.6551724137931035,0.37037037037037035,1.0,1.0,0.375,0.7938144329896908,1.0,0.0,0.0,0.42105263157894735,0.91,0.5720858895705522,0.7124248496993988,0.7908600444303396,1
1.0,0.25,1.0,0.8,0.6666666666666667,0.0,0.06988397396488968,0.6551724137931035,0.37037037037037035,1.0,0.29411764705882354,0.5,0.7938144329896908,0.75,0.0,0.0,0.2631578947368421,0.94,0.6288343558282209,0.8690714762859053,0.9066962868930498,2
1.0,0.25,1.0,0.8,1.0,0.0,0.025991198024922668,0.6206896551724138,0.37037037037037035,1.0,0.1764705882352941,0.25,0.768041237113402,0.75,0.0,0.0,0.21052631578947367,0.9199999999999999,0.16060473269062225,0.8690714762859053,0.0,1
0.0,0.0,1.0,0.8,0.6666666666666667,0.0,0.08812709193282395,0.6206896551724138,0.37037037037037035,1.0,0.1764705882352941,0.25,0.8453608247422681,1.0,0.0,0.0,0.10526315789473684,0.95,0.4003067484662577,0.8690714762859053,0.014281180577594421,1
0.0,0.0,1.0,0.8,0.3333333333333333,0.0,0.06878616665202922,0.6206896551724138,0.37037037037037035,1.0,0.7647058823529411,0.625,0.22680412371134018,0.5,0.0,0.8333333333333333,0.7894736842105263,0.9299999999999999,0.5598159509202454,0.25985303941215765,0.32783243414788954,2
0.0,0.5,1.0,0.8,0.3333333333333333,0.0,0.11224469881046475,0.5862068965517242,0.37037037037037035,1.0,0.1764705882352941,0.0,0.7757731958762886,0.25,0.0,0.5,0.10526315789473684,0.97,0.637817703768624,0.25985303941215765,0.014281180577594421,2
0.0,0.0,1.0,0.8,1.0,0.0,0.6121080827893087,0.3103448275862069,0.37037037037037035,1.0,0.1764705882352941,0.5,0.6649484536082475,1.0,0.0,0.0,0.736842105263158,0.9,0.7607361963190183,0.25985303941215765,0.007616629641383765,1
1.0,0.25,0.0,0.8,0.6666666666666667,0.0,0.08945909813909461,0.6206896551724138,0.37037037037037035,1.0,0.1764705882352941,0.5,0.9304123711340209,1.0,0.0,0.0,0.2631578947368421,0.96,0.2806748466257669,0.25985303941215765,0.004443033957473808,1
1.0,0.25,1.0,0.4000000000000001,0.6666666666666667,0.0,0.1878763039511305,0.27586206896551724,0.37037037037037035,1.0,0.1764705882352941,0.5,0.4948453608247423,0.5,0.75,0.0,0.05263157894736842,0.86,0.2622699386503068,0.25985303941215765,0.01174230403046661,3
0.0,0.0,0.0,0.8,0.6666666666666667,0.0,0.054173131531953495,0.6206896551724138,0.37037037037037035,1.0,0.1764705882352941,0.625,0.7731958762886599,1.0,0.0,0.0,0.736842105263158,0.86,0.16060473269062225,0.25985303941215765,0.009838146620120614,1
0.0,0.0,1.0,0.4000000000000001,0.6666666666666667,0.0,0.23070054743991333,0.9310344827586207,0.14814814814814814,1.0,0.1764705882352941,0.25,1.0,0.5,0.5,0.0,0.21052631578947367,0.07,0.2929447852760736,0.25985303941215765,0.018089495398286304,1
0.0,0.0,0.0,1.0000000000000002,0.6666666666666667,0.0,0.10091532734174499,0.6896551724137931,0.9629629629629629,1.0,0.1764705882352941,0.5,0.9020618556701032,0.75,0.0,0.0,0.3684210526315789,0.8300000000000001,0.33435582822085896,0.25985303941215765,0.011107584893684574,1
1.0,0.25,0.0,0.4000000000000001,0.6666666666666667,0.0,0.19507791992349502,0.9310344827586207,0.14814814814814814,1.0,0.1764705882352941,0.625,0.5103092783505155,1.0,1.0,0.0,0.9473684210526316,0.21000000000000002,0.2929447852760736,0.25985303941215765,0.0050777530942558435,1
1.0,0.25,0.0,0.8,0.6666666666666667,0.0,0.06116982347258407,0.6206896551724138,0.37037037037037035,1.0,0.1764705882352941,0.5,1.0,0.5,0.0,0.0,0.0,0.94,0.4815950920245399,0.25985303941215765,0.0009520787051729984,1
0.0,0.0,1.0,0.8,0.6666666666666667,0.0,0.05488060735579689,0.6551724137931035,0.37037037037037035,0.0,0.1764705882352941,0.625,0.731958762886598,0.75,0.0,0.0,0.2631578947368421,0.9299999999999999,0.5337423312883436,0.25985303941215765,0.0003173595683910735,1
1.0,0.25,1.0,1.0000000000000002,0.0,0.0,0.05828137045385792,0.6206896551724138,0.37037037037037035,1.0,0.1764705882352941,0.5,0.8195876288659794,0.75,0.375,0.3333333333333333,0.05263157894736842,0.8500000000000001,0.0,0.25985303941215765,0.008886067914947726,1
1.0,0.25,1.0,0.8,0.6666666666666667,0.0,0.052089737209325,0.6206896551724138,0.37037037037037035,1.0,1.0,0.5,1.0,0.75,0.0,0.0,0.6842105263157894,0.95,0.5720858895705522,0.2955911823647295,0.33703586163122823,1
0.0,0.0,0.0,0.6000000000000001,0.6666666666666667,0.0,0.2739785512846785,0.7931034482758621,0.37037037037037035,1.0,0.1764705882352941,0.0,0.6881443298969072,1.0,0.625,0.0,0.3684210526315789,0.94,0.5199386503067485,0.2955911823647295,0.010790225325293612,1
0.0,0.0,1.0,1.0000000000000002,0.0,0.0,0.0806132107692458,0.06896551724137931,0.0,1.0,0.1764705882352941,0.5,0.20876288659793812,0.5,0.0,1.0,0.21052631578947367,0.97,0.3021472392638037,0.2955911823647295,0.009203427483338689,1
0.0,0.75,0.0,0.8,0.6666666666666667,0.0,0.06454619085258154,0.6551724137931035,0.37037037037037035,1.0,0.6470588235294118,0.375,0.9020618556701032,1.0,0.0,0.0,0.0,0.21999999999999997,0.5812883435582822,0.3680694722778891,0.44239923833703587,1
1.0,0.25,1.0,0.8,0.0,0.0,0.039730866438322715,0.6206896551724138,0.37037037037037035,1.0,0.1764705882352941,0.5,0.0,0.25,0.0,0.6666666666666666,0.42105263157894735,0.06,0.32055214723926384,0.3680694722778891,0.008886067914947726,2
0.0,0.0,1.0,0.4000000000000001,0.6666666666666667,0.0,0.25261278140460786,0.10344827586206896,0.37037037037037035,1.0,0.1764705882352941,0.5,0.4871134020618556,1.0,0.875,0.0,0.736842105263158,0.89,0.11152497808939532,0.3680694722778891,0.011424944462075537,1
0.0,0.0,1.0,0.8,0.6666666666666667,0.0,0.03031411926578645,0.6206896551724138,0.37037037037037035,1.0,0.1764705882352941,0.5,0.8195876288659794,0.75,0.0,0.0,0.0,0.9,0.33282208588957063,0.3680694722778891,0.0028562361155188842,1
0.0,0.0,0.0,1.0000000000000002,0.0,0.0,0.06921065214633529,0.06896551724137931,1.0,1.0,0.1764705882352941,1.0,0.3041237113402061,0.0,0.0,0.3333333333333333,0.8421052631578947,0.86,0.5107361963190185,0.3680694722778891,0.009520787051729651,2
1.0,0.25,0.0,0.8,0.3333333333333333,0.0,0.08069127706704918,0.6206896551724138,0.37037037037037035,1.0,0.1764705882352941,0.5,0.7113402061855669,0.75,0.0,0.0,0.2631578947368421,0.94,0.4401840490797546,0.3680694722778891,0.01301174230403046,1
0.0,0.0,0.0,0.8,0.6666666666666667,0.0,0.006289216116787177,0.6206896551724138,0.37037037037037035,1.0,0.1764705882352941,0.0,0.5876288659793815,1.0,0.0,0.0,0.736842105263158,0.86,0.5015337423312883,0.3680694722778891,0.0028562361155188842,1
1.0,0.25,0.0,0.4000000000000001,0.6666666666666667,0.0,0.12478409789513742,0.44827586206896547,0.37037037037037035,1.0,0.1764705882352941,0.25,0.7706185567010311,0.75,0.75,0.0,0.7894736842105263,0.8500000000000001,0.2806748466257669,0.3680694722778891,0.0009520787051729984,1
0.0,0.0,1.0,0.4000000000000001,1.0,0.0,0.4578685949042224,0.41379310344827586,0.37037037037037035,1.0,0.1764705882352941,0.5,0.8195876288659794,1.0,0.625,0.0,0.15789473684210525,0.020000000000000018,0.36064855390008765,0.3680694722778891,0.017454776261504268,1
0.0,0.0,0.0,1.0000000000000002,1.0,0.0,0.14244659777315885,0.06896551724137931,0.07407407407407407,1.0,0.1764705882352941,0.5,0.9407216494845361,1.0,0.0,0.0,0.6842105263157894,0.8400000000000001,0.5996932515337424,0.3680694722778891,0.010155506188511576,1
0.0,0.0,0.0,0.8,0.6666666666666667,0.0,0.14706714677439817,0.5862068965517242,0.37037037037037035,1.0,0.1764705882352941,0.375,0.8762886597938144,0.75,0.0,0.0,0.15789473684210525,0.99,0.3045574057843997,0.3680694722778891,0.013963821009203459,1
1.0,0.25,0.0,0.8,0.6666666666666667,0.0,0.08522888062687237,0.6206896551724138,0.37037037037037035,1.0,0.1764705882352941,0.375,0.45876288659793807,0.5,0.0,0.0,0.2631578947368421,0.99,0.6564417177914111,0.3680694722778891,0.012059663598857573,1
1.0,0.25,0.0,0.8,0.6666666666666667,0.0,0.07330425363740153,0.6206896551724138,0.37037037037037035,1.0,0.5882352941176471,0.375,1.0,0.5,0.0,0.0,0.3157894736842105,0.81,0.5812883435582822,0.17434869739478964,0.2189781021897811,1
0.0,0.0,1.0,0.8,0.6666666666666667,0.0,0.018745669760043715,0.6206896551724138,0.37037037037037035,1.0,0.1764705882352941,0.625,0.9226804123711341,1.0,0.0,0.0,0.3684210526315789,0.99,0.2929447852760736,0.17434869739478964,0.004760393525864881,1
1.0,0.25,1.0,0.8,0.6666666666666667,0.0,0.0450784078378563,0.6206896551724138,0.37037037037037035,1.0,0.1764705882352941,0.25,0.7938144329896908,0.5,0.0,0.0,0.10526315789473684,0.94,0.34202453987730064,0.17434869739478964,0.01523325928276742,1
0.0,0.75,0.0,0.8,0.0,0.0,0.05757877377362727,0.6551724137931035,0.37037037037037035,1.0,0.1764705882352941,0.5,0.48453608247422686,0.0,0.0,0.3333333333333333,0.21052631578947367,0.8300000000000001,0.32055214723926384,0.17434869739478964,0.0009520787051729984,1
0.0,0.0,1.0,0.8,0.3333333333333333,0.0,0.07462162241283407,0.6206896551724138,0.37037037037037035,1.0,0.23529411764705882,0.375,1.0,0.75,0.0,0.8333333333333333,0.7894736842105263,0.89,0.5015337423312883,0.014696058784235189,0.1021897810218978,2
0.0,0.0,0.0,0.8,0.3333333333333333,0.0,0.06868858377977496,0.6206896551724138,0.37037037037037035,1.0,0.7058823529411764,0.375,0.3041237113402061,0.5,0.0,0.8333333333333333,0.9473684210526316,0.8400000000000001,0.35122699386503065,0.08617234468937873,0.24563630593462393,1
1.0,0.25,0.0,0.6000000000000001,0.3333333333333333,0.0,0.26461547469188207,0.7931034482758621,0.37037037037037035,1.0,0.23529411764705882,0.5,0.25257731958762886,1.0,0.5,0.6666666666666666,0.9473684210526316,0.86,0.5751533742331288,0.6626586506346026,0.7594414471596319,1
1.0,0.25,0.0,0.8,0.6666666666666667,0.0,0.13041950876782107,0.6551724137931035,0.37037037037037035,1.0,0.1764705882352941,0.625,0.8453608247422681,1.0,0.0,0.0,0.8421052631578947,0.94,0.32055214723926384,0.6626586506346026,0.0019041574103459968,1
1.0,0.25,0.0,0.8,0.6666666666666667,0.0,0.06197488216868177,0.6206896551724138,0.37037037037037035,1.0,0.5882352941176471,0.375,0.518041237113402,0.5,0.0,0.0,0.7894736842105263,0.18,0.5337423312883436,0.302939211756847,0.3554427165979055,3
1.0,0.25,1.0,0.8,0.0,0.0,0.0927573992212887,0.6206896551724138,0.37037037037037035,1.0,0.1764705882352941,0.5,0.11340206185567009,1.0,0.0,1.0,0.736842105263158,0.8300000000000001,0.25306748466257667,0.302939211756847,0.01777213582989534,3
0.0,0.0,1.0,0.4000000000000001,0.0,0.0,0.04059447485777298,0.4827586206896552,0.37037037037037035,1.0,0.1764705882352941,0.625,0.020618556701030855,0.5,0.75,0.5,0.05263157894736842,0.86,0.2622699386503068,0.302939211756847,0.007616629641383765,3
1.0,0.25,0.0,0.8,0.6666666666666667,0.0,0.06579037247382338,0.6206896551724138,0.37037037037037035,1.0,0.1764705882352941,0.375,1.0,1.0,0.0,0.0,0.9473684210526316,0.9199999999999999,0.5199386503067485,0.302939211756847,0.009520787051729651,1
1.0,0.25,0.0,0.8,0.6666666666666667,0.0,0.05327536910721428,0.6551724137931035,0.37037037037037035,1.0,0.29411764705882354,0.375,0.654639175257732,0.5,0.0,0.0,0.2631578947368421,0.89,0.5812883435582822,0.7117568470273883,0.8279911139320851,2
1.0,0.25,1.0,1.0000000000000002,0.6666666666666667,0.0,0.12266654956721998,0.06896551724137931,0.37037037037037035,1.0,0.058823529411764705,0.25,0.22680412371134018,1.0,0.0,0.6666666666666666,0.3157894736842105,0.98,0.3021472392638037,0.027722110888443563,0.009838146620120614,1
0.0,0.0,1.0,0.4000000000000001,1.0,0.0,0.648701659884657,0.3793103448275862,0.37037037037037035,1.0,0.1764705882352941,0.5,1.0,1.0,0.625,0.0,0.736842105263158,0.9299999999999999,0.5788781770376863,0.027722110888443563,0.01650269755633138,1
1.0,0.25,0.0,0.0,0.6666666666666667,0.0,0.26496189388838465,0.8620689655172414,0.37037037037037035,1.0,0.1764705882352941,0.875,1.0,0.5,0.25,0.0,0.10526315789473684,0.94,0.7607361963190183,0.027722110888443563,0.006347191367819804,1
0.0,0.0,1.0,1.0000000000000002,0.6666666666666667,0.0,0.10834138392029433,0.06896551724137931,0.14814814814814814,1.0,0.1764705882352941,0.0,0.8195876288659794,0.5,0.0,0.3333333333333333,0.3157894736842105,0.08999999999999997,0.5473269062226118,0.027722110888443563,0.010155506188511576,2
0.0,0.0,0.0,0.4000000000000001,0.6666666666666667,0.0,0.1008079861822653,0.44827586206896547,0.14814814814814814,1.0,0.1764705882352941,0.625,0.9226804123711341,0.75,0.625,0.0,0.0,0.04999999999999999,0.6553461875547765,0.027722110888443563,0.008568708346556653,2
0.0,0.0,1.0,0.8,0.6666666666666667,0.0,0.035144471442372455,0.6206896551724138,0.37037037037037035,1.0,0.1764705882352941,0.25,0.8711340206185567,0.5,0.0,0.0,0.21052631578947367,0.87,0.2622699386503068,0.027722110888443563,0.0031735956839099577,3
0.0,0.0,0.0,0.8,0.6666666666666667,0.0,0.0396430418532939,0.6206896551724138,0.37037037037037035,1.0,0.1764705882352941,0.625,0.7938144329896908,0.75,0.0,0.0,0.5789473684210527,0.89,0.5720858895705522,0.027722110888443563,0.000634719136782036,1
1.0,0.25,0.0,0.8,0.6666666666666667,0.0,0.030694692467578083,0.6206896551724138,0.37037037037037035,1.0,0.1764705882352941,0.625,0.6726804123711341,0.5,0.0,0.0,0.9473684210526316,0.8200000000000001,0.2622699386503068,0.027722110888443563,0.013646461440812496,1
0.0,0.5,0.0,0.8,0.6666666666666667,1.0,0.03151438859451386,0.6206896551724138,0.37037037037037035,1.0,0.4117647058823529,0.125,0.8041237113402062,0.75,0.0,0.0,0.05263157894736842,0.02999999999999997,0.5337423312883436,0.24215096860387442,0.3284671532846716,1
0.0,1.0,0.0,1.0000000000000002,0.6666666666666667,0.0,0.06988885310850237,0.06896551724137931,0.6666666666666666,1.0,0.23529411764705882,0.0,0.7345360824742269,0.75,0.0,0.0,0.3157894736842105,0.010000000000000009,0.32055214723926384,0.38810955243820977,0.5934623928911457,1
1.0,0.25,1.0,0.8,0.3333333333333333,1.0,0.04824009289889439,0.6206896551724138,0.37037037037037035,1.0,0.5882352941176471,0.125,0.7345360824742269,0.75,0.0,0.5,0.736842105263158,0.98,0.5015337423312883,0.41215764863059456,0.47603935258648045,1
0.0,0.0,0.0,0.8,1.0,0.0,0.06230178479073353,0.6206896551724138,0.37037037037037035,1.0,0.1764705882352941,0.5,0.7164948453608246,0.75,0.0,0.0,0.10526315789473684,0.9299999999999999,0.3021472392638037,0.41215764863059456,0.006664550936210767,1
0.0,0.0,0.0,1.0000000000000002,0.6666666666666667,0.0,0.08054978190228049,0.06896551724137931,0.2962962962962963,1.0,0.1764705882352941,0.5,0.8711340206185567,1.0,0.0,0.0,1.0,0.8300000000000001,0.2714723926380368,0.41215764863059456,0.010790225325293612,1
0.0,0.0,0.0,0.4000000000000001,0.6666666666666667,0.0,0.3403397835611893,0.24137931034482757,0.37037037037037035,1.0,0.7058823529411764,0.5,0.8969072164948453,0.75,0.5,0.0,0.47368421052631576,0.010000000000000009,0.2714723926380368,0.4462257849031397,0.47603935258648045,2
1.0,0.25,1.0,0.4000000000000001,0.6666666666666667,0.0,0.14458366267552716,0.44827586206896547,0.37037037037037035,1.0,0.1764705882352941,0.625,0.8195876288659794,1.0,0.875,0.0,1.0,0.8300000000000001,0.2622699386503068,0.4462257849031397,0.015550618851158382,3
0.0,0.0,0.0,0.8,0.6666666666666667,0.0,0.03889653288054881,0.6206896551724138,0.37037037037037035,1.0,0.1764705882352941,0.5,0.8195876288659794,1.0,0.0,0.0,0.3157894736842105,0.81,0.37269938650306755,0.4462257849031397,0.0031735956839099577,2
0.0,0.5,1.0,0.8,1.0,1.0,0.07243576607433863,0.6206896551724138,0.37037037037037035,1.0,0.1764705882352941,0.125,0.8711340206185567,0.75,0.0,0.0,0.0,0.02999999999999997,0.5598159509202454,0.4462257849031397,0.0031735956839099577,1
1.0,0.25,1.0,0.8,0.0,1.0,0.1163773334504328,0.6551724137931035,0.37037037037037035,1.0,0.29411764705882354,0.125,0.48453608247422686,0.5,0.0,0.5,0.47368421052631576,0.08000000000000002,0.6564417177914111,0.9088176352705413,0.9254205014281179,1
0.0,0.75,0.0,0.4000000000000001,0.6666666666666667,0.0,0.07902260995150132,0.44827586206896547,0.37037037037037035,1.0,0.1764705882352941,0.25,0.8994845360824744,0.75,0.625,0.0,0.5263157894736843,0.9199999999999999,0.2806748466257669,0.9088176352705413,0.009838146620120614,3
1.0,0.25,0.0,0.8,0.6666666666666667,0.0,0.10626286874127852,0.6551724137931035,0.37037037037037035,1.0,0.1764705882352941,0.625,0.8969072164948453,0.5,0.0,0.0,1.0,0.87,0.33282208588957063,0.9088176352705413,0.006664550936210767,1
1.0,0.25,1.0,0.8,0.6666666666666667,0.0,0.015803546161577725,0.6206896551724138,0.37037037037037035,1.0,0.1764705882352941,0.625,1.0,0.5,0.0,0.0,0.05263157894736842,0.94,0.4815950920245399,0.9088176352705413,0.014281180577594421,1
0.0,0.75,0.0,0.8,0.6666666666666667,0.0,0.10296456765908449,0.6551724137931035,0.37037037037037035,1.0,0.1764705882352941,0.375,0.8453608247422681,1.0,0.0,0.0,0.0,0.89,0.38190184049079756,0.9088176352705413,0.0022215169787369593,1
1.0,0.25,0.0,0.8,0.6666666666666667,0.0,0.02054119460952214,0.6206896551724138,0.37037037037037035,1.0,0.1764705882352941,0.625,0.768041237113402,1.0,0.0,0.0,0.10526315789473684,0.98,0.3911042944785277,0.9088176352705413,0.004125674389082845,2
0.0,0.5,1.0,0.8,0.6666666666666667,0.0,0.08739034124730424,0.5862068965517242,0.37037037037037035,1.0,0.1764705882352941,0.25,0.9046391752577321,0.5,0.0,0.0,0.05263157894736842,0.9199999999999999,0.24824715162138478,0.9088176352705413,0.017454776261504268,1
0.0,0.5,0.0,0.8,0.6666666666666667,0.0,0.09156688817978667,0.6206896551724138,0.37037037037037035,1.0,0.6470588235294118,0.0,1.0,1.0,0.0,0.0,0.8421052631578947,0.9,0.5904907975460123,0.589178356713427,0.6651856553475087,1
1.0,0.25,1.0,0.4000000000000001,0.6666666666666667,0.0,0.26334689735257666,0.10344827586206896,0.37037037037037035,1.0,0.1764705882352941,0.5,0.7938144329896908,1.0,0.625,0.0,0.3684210526315789,0.8400000000000001,0.09750219106047331,0.589178356713427,0.009838146620120614,1
0.0,0.0,1.0,1.0000000000000002,0.6666666666666667,0.0,0.13008284785854388,0.06896551724137931,0.8148148148148148,1.0,0.8235294117647058,0.625,0.8711340206185567,1.0,0.0,0.0,1.0,0.03999999999999998,0.5072304995617879,0.491315965263861,0.703903522691209,1
1.0,0.25,0.0,0.8,0.6666666666666667,0.0,0.0477277828195595,0.6206896551724138,0.37037037037037035,1.0,0.1764705882352941,0.375,0.7938144329896908,0.75,0.0,0.0,0.631578947368421,0.96,0.5291411042944786,0.491315965263861,0.0019041574103459968,1
0.0,0.0,1.0,0.8,0.6666666666666667,0.0,0.09367955736409148,0.6551724137931035,0.37037037037037035,1.0,0.1764705882352941,0.625,1.0,0.5,0.0,0.0,1.0,0.8400000000000001,0.37269938650306755,0.491315965263861,0.016185337987940418,1
0.0,0.0,0.0,0.8,0.6666666666666667,0.0,0.034793173102257074,0.6206896551724138,0.37037037037037035,1.0,0.8823529411764706,0.0,0.9072164948453607,0.75,0.0,0.0,0.3684210526315789,0.2,0.5199386503067485,0.35437541750167,0.44366867661059983,2
1.0,0.25,0.0,0.8,1.0,0.0,0.08303814514476418,0.6206896551724138,0.37037037037037035,1.0,0.1764705882352941,0.0,0.9381443298969072,0.75,0.0,0.0,0.21052631578947367,0.99,0.33282208588957063,0.35437541750167,0.004125674389082845,1
0.0,0.0,1.0,0.8,0.6666666666666667,0.0,0.009524088332015956,0.6206896551724138,0.37037037037037035,1.0,0.1764705882352941,0.375,0.7860824742268042,0.75,0.0,0.0,0.0,0.89,0.47239263803680986,0.35437541750167,0.005395112662646806,2
0.0,0.0,0.0,0.8,0.6666666666666667,0.0,0.11247889770387501,0.6551724137931035,0.37037037037037035,1.0,0.4117647058823529,0.0,1.0,0.5,0.0,0.0,0.736842105263158,0.0,0.5996932515337424,0.6583166332665331,0.7045382418279912,1
1.0,0.25,1.0,1.0000000000000002,0.6666666666666667,0.0,0.12441328298057122,0.06896551724137931,0.5555555555555556,1.0,0.1764705882352941,0.5,0.6391752577319588,1.0,0.0,0.0,0.42105263157894735,0.8400000000000001,0.3113496932515337,0.6583166332665331,0.009203427483338689,1
1.0,0.25,0.0,0.8,0.6666666666666667,0.0,0.08993237506952781,0.6551724137931035,0.37037037037037035,0.5,0.8235294117647058,0.5,0.4922680412371133,1.0,0.0,0.0,0.7894736842105263,0.89,0.5521472392638037,0.8042752171008685,0.8095842589654078,2
0.0,0.0,0.0,0.4000000000000001,0.6666666666666667,0.0,0.2583652917239966,0.24137931034482757,0.37037037037037035,1.0,0.1764705882352941,0.5,0.8659793814432992,1.0,0.75,0.0,0.15789473684210525,0.89,0.2622699386503068,0.8042752171008685,0.01777213582989534,1
1.0,0.25,0.0,1.0000000000000002,0.6666666666666667,0.0,0.6584599471100832,0.3448275862068965,0.7777777777777777,1.0,0.1764705882352941,0.625,0.8711340206185567,0.75,0.0,0.0,0.9473684210526316,0.07,0.33435582822085896,0.8042752171008685,0.012059663598857573,1
1.0,0.25,0.0,0.0,0.6666666666666667,0.0,0.023780945968363637,0.034482758620689655,0.37037037037037035,1.0,0.7058823529411764,0.5,0.5463917525773196,0.5,0.5,0.0,0.2631578947368421,0.87,0.2714723926380368,0.4358717434869739,0.44906378927324664,2
0.0,0.0,0.0,0.8,0.6666666666666667,0.0,0.05064063155634921,0.6206896551724138,0.37037037037037035,1.0,0.1764705882352941,0.625,0.9484536082474226,0.75,0.0,0.0,0.15789473684210525,0.87,0.5107361963190185,0.4358717434869739,0.01650269755633138,1
0.0,0.0,0.0,0.8,0.6666666666666667,0.0,0.11853391492725199,0.6551724137931035,0.37037037037037035,1.0,0.1764705882352941,0.625,0.48453608247422686,1.0,0.0,0.0,0.15789473684210525,0.89,0.16717791411042948,0.4358717434869739,0.01301174230403046,2
0.0,0.5,0.0,0.8,0.6666666666666667,0.0,0.1128838666237302,0.6551724137931035,0.37037037037037035,1.0,1.0,0.375,0.6701030927835052,0.5,0.0,0.0,0.894736842105263,0.96,0.5904907975460123,0.6843687374749499,0.703903522691209,1
1.0,0.25,1.0,0.8,0.3333333333333333,0.0,0.18558310645315532,0.5862068965517242,0.37037037037037035,1.0,1.0,0.5,0.31443298969072164,0.25,0.0,0.5,0.15789473684210525,0.96,0.5904907975460123,0.7474949899799599,0.7975245953665503,1
0.0,0.0,0.0,0.8,0.6666666666666667,0.0,0.033480683470437284,0.6206896551724138,0.37037037037037035,1.0,0.1764705882352941,0.5,0.7396907216494846,0.5,0.0,0.0,0.6842105263157894,0.8200000000000001,0.3911042944785277,0.7474949899799599,0.014281180577594421,3
0.0,0.0,0.0,0.8,0.6666666666666667,0.0,0.07902260995150132,0.6206896551724138,0.37037037037037035,1.0,0.1764705882352941,0.625,0.768041237113402,0.5,0.0,0.0,0.3157894736842105,0.0,0.45398773006134974,0.7474949899799599,0.013329101872421534,1
0.0,0.5,0.0,0.8,0.6666666666666667,0.0,0.00011222030309240849,0.6206896551724138,0.37037037037037035,1.0,0.1764705882352941,0.25,0.8195876288659794,1.0,0.0,0.0,0.3157894736842105,0.07,0.38190184049079756,0.7474949899799599,0.0019041574103459968,1
0.0,0.75,0.0,0.8,0.6666666666666667,0.0,0.07509002019965458,0.6206896551724138,0.37037037037037035,1.0,0.1764705882352941,0.625,1.0,1.0,0.0,0.0,0.42105263157894735,0.08999999999999997,0.36042944785276076,0.7474949899799599,0.012059663598857573,2
1.0,0.25,1.0,0.8,1.0,0.0,0.008738546210369152,0.6206896551724138,0.37037037037037035,1.0,0.6470588235294118,0.0,0.9226804123711341,0.75,0.0,0.0,0.42105263157894735,0.13,0.5337423312883436,0.0651302605210421,0.1202792764201841,2
1.0,0.25,0.0,0.4000000000000001,0.6666666666666667,0.0,0.2959395766855001,0.24137931034482757,0.37037037037037035,1.0,0.1764705882352941,0.5,0.6778350515463918,0.5,0.625,0.0,0.05263157894736842,0.86,0.2806748466257669,0.0651302605210421,0.005395112662646806,1
0.0,0.0,0.0,0.8,1.0,0.0,0.08917122866594454,0.6551724137931035,0.37037037037037035,1.0,0.1764705882352941,0.625,0.8195876288659794,0.5,0.0,0.0,0.0,0.02999999999999997,0.32055214723926384,0.0651302605210421,0.01523325928276742,1
1.0,0.25,0.0,0.8,0.6666666666666667,0.0,0.07859324531358255,0.6206896551724138,0.37037037037037035,1.0,1.0,0.0,0.7422680412371134,0.75,0.0,0.0,0.15789473684210525,0.87,0.5996932515337424,0.31830327321309293,0.35576007616629646,1
0.0,0.0,0.0,1.0000000000000002,0.6666666666666667,0.0,0.11687012695531682,0.6896551724137931,0.7407407407407407,1.0,0.47058823529411764,0.375,0.8711340206185567,1.0,0.0,0.0,0.05263157894736842,0.8300000000000001,0.5337423312883436,0.5547762191048764,0.6858140272929228,1
0.0,0.0,1.0,0.8,0.6666666666666667,0.0,0.0265230246787084,0.6206896551724138,0.37037037037037035,1.0,0.1764705882352941,0.5,0.5025773195876289,0.75,0.0,0.0,0.47368421052631576,0.97,0.38190184049079756,0.5547762191048764,0.011424944462075537,1
0.0,0.0,1.0,1.0000000000000002,0.6666666666666667,0.0,0.09887096616801819,0.06896551724137931,0.1111111111111111,1.0,0.1764705882352941,0.5,0.8195876288659794,1.0,0.0,0.0,0.631578947368421,0.9299999999999999,0.3911042944785277,0.5547762191048764,0.01174230403046661,2
1.0,0.25,0.0,0.2,0.6666666666666667,0.0,0.9999999999999999,0.5172413793103449,0.37037037037037035,1.0,0.1764705882352941,0.5,0.9561855670103094,0.5,0.0,0.0,0.47368421052631576,0.18,0.4815950920245399,0.5547762191048764,0.013329101872421534,1
1.0,0.25,0.0,0.8,0.6666666666666667,0.0,0.043712247626296635,0.6206896551724138,0.37037037037037035,1.0,0.6470588235294118,0.375,0.6391752577319588,1.0,0.0,0.0,0.7894736842105263,0.99,0.5429447852760736,0.41917167668670674,0.46334496985084106,1
1.0,0.25,0.0,0.8,0.6666666666666667,0.0,0.0018882285781199604,0.6206896551724138,0.37037037037037035,1.0,0.6470588235294118,0.375,0.6108247422680413,0.75,0.0,0.0,0.2631578947368421,0.020000000000000018,0.5429447852760736,0.5898463593854375,0.7045382418279912,2
0.0,0.0,1.0,0.8,0.6666666666666667,0.0,0.007845662929242658,0.6206896551724138,0.37037037037037035,1.0,0.1764705882352941,0.625,0.5103092783505155,0.5,0.0,0.0,0.10526315789473684,0.95,0.35122699386503065,0.5898463593854375,0.006981910504601729,2
1.0,0.25,1.0,0.8,0.6666666666666667,0.0,0.09234755115782076,0.6206896551724138,0.37037037037037035,1.0,0.1764705882352941,0.5,0.5824742268041236,0.5,0.0,0.0,0.8421052631578947,0.9299999999999999,0.5996932515337424,0.5898463593854375,0.012059663598857573,1
0.0,0.0,1.0,1.0000000000000002,0.6666666666666667,1.0,0.12828732300906545,0.06896551724137931,0.6296296296296295,1.0,0.1764705882352941,0.125,0.6520618556701031,1.0,0.0,0.0,1.0,0.03999999999999998,0.5874233128834356,0.5898463593854375,0.013329101872421534,1
1.0,0.25,1.0,0.4000000000000001,0.6666666666666667,0.0,0.2349795563882627,0.9310344827586207,0.37037037037037035,1.0,0.1764705882352941,0.25,0.8608247422680413,1.0,0.75,0.0,0.3157894736842105,0.87,0.2929447852760736,0.5898463593854375,0.01650269755633138,1
1.0,0.25,1.0,0.8,0.6666666666666667,0.0,0.18400226392263627,0.5862068965517242,0.37037037037037035,1.0,0.23529411764705882,0.25,0.9432989690721651,0.75,0.0,0.0,0.42105263157894735,0.010000000000000009,0.5996932515337424,0.3553774215096861,0.46778800380831487,2
0.0,0.5,0.0,0.8,0.6666666666666667,0.0,0.10259863188813098,0.6551724137931035,0.37037037037037035,1.0,0.0,0.5,0.8762886597938144,0.5,0.0,0.0,1.0,0.94,0.4401840490797546,0.5627922511690047,0.5820374484290701,2
1.0,0.25,1.0,0.8,0.6666666666666667,0.0,0.005240200240053866,0.6206896551724138,0.37037037037037035,1.0,0.1764705882352941,0.625,1.0,1.0,0.0,0.0,0.631578947368421,0.86,0.48006134969325154,0.5627922511690047,0.007616629641383765,1
0.0,0.5,1.0,0.0,0.6666666666666667,0.0,0.09501644271397483,0.0,0.37037037037037035,1.0,0.1764705882352941,1.0,1.0,0.75,0.5,0.0,0.10526315789473684,0.89,0.36042944785276076,0.5627922511690047,0.013329101872421534,1
1.0,0.25,1.0,0.8,0.6666666666666667,0.0,0.08253559335265473,0.6551724137931035,0.37037037037037035,1.0,0.6470588235294118,0.375,0.9742268041237114,0.5,0.0,0.0,1.0,0.89,0.5015337423312883,0.6796927187708752,0.6978736908917803,1
0.0,0.0,0.0,0.4000000000000001,0.6666666666666667,0.0,0.1782741493213111,0.7241379310344828,0.37037037037037035,1.0,0.1764705882352941,0.5,0.768041237113402,1.0,0.875,0.0,0.05263157894736842,0.86,0.14132340052585457,0.6796927187708752,0.016185337987940418,1
0.0,0.0,0.0,0.8,0.6666666666666667,0.0,0.09089844550484497,0.6206896551724138,0.37037037037037035,1.0,0.9411764705882353,0.0,0.9690721649484537,0.5,0.0,0.0,0.8421052631578947,0.94,0.5429447852760736,0.027722110888443563,0.19231989844493813,3
1.0,0.25,1.0,0.0,0.6666666666666667,0.0,0.23419889341022862,0.7586206896551725,0.37037037037037035,1.0,0.1764705882352941,0.0,0.768041237113402,0.75,0.0,0.0,1.0,0.89,0.20070113935144607,0.027722110888443563,0.009838146620120614,2
1.0,0.25,1.0,0.8,0.6666666666666667,0.0,0.0960800960215463,0.6206896551724138,0.37037037037037035,1.0,0.1764705882352941,0.375,0.768041237113402,0.5,0.0,0.0,0.47368421052631576,0.9,0.4923312883435583,0.027722110888443563,0.0019041574103459968,1
0.0,0.75,1.0,1.0000000000000002,0.6666666666666667,0.0,0.12403758892239233,0.06896551724137931,0.8888888888888888,1.0,0.1764705882352941,1.0,0.8788659793814435,0.5,0.0,0.0,0.7894736842105263,0.8400000000000001,0.495398773006135,0.027722110888443563,0.009520787051729651,1
1.0,0.25,0.0,0.8,1.0,0.0,0.1603725714062668,0.5862068965517242,0.37037037037037035,1.0,0.1764705882352941,1.0,0.768041237113402,0.5,0.0,0.0,0.5263157894736843,0.91,0.38190184049079756,0.027722110888443563,0.012059663598857573,2
1.0,0.25,0.0,0.8,0.6666666666666667,0.0,0.036974150297139824,0.6206896551724138,0.37037037037037035,1.0,1.0,0.5,0.5309278350515464,0.75,0.0,0.0,0.7894736842105263,0.9199999999999999,0.5611305872042068,0.01503006012024044,0.11520152332592826,1
1.0,0.25,1.0,0.8,0.6666666666666667,0.0,0.08979575904837181,0.6551724137931035,0.37037037037037035,1.0,0.1764705882352941,0.625,0.7422680412371134,0.5,0.0,0.0,0.3157894736842105,0.94,0.4003067484662577,0.01503006012024044,0.0031735956839099577,2
0.0,0.0,0.0,0.4000000000000001,1.0,1.0,0.03284151565717183,0.44827586206896547,0.14814814814814814,1.0,0.1764705882352941,0.125,0.9072164948453607,0.75,0.625,0.0,0.6842105263157894,0.8400000000000001,0.5972830850131464,0.01503006012024044,0.010790225325293612,1
0.0,1.0,0.0,0.8,0.6666666666666667,0.0,0.10827307590971633,0.6551724137931035,0.37037037037037035,1.0,0.6470588235294118,0.625,0.9097938144329898,0.75,0.0,0.0,0.736842105263158,0.96,0.4003067484662577,0.26252505010020044,0.31513805141225015,1
0.0,0.0,0.0,0.8,1.0,0.0,0.13800169794197722,0.6551724137931035,0.37037037037037035,1.0,0.1764705882352941,0.5,0.7938144329896908,0.75,0.0,0.0,0.9473684210526316,0.91,0.3911042944785277,0.26252505010020044,0.0050777530942558435,1
1.0,0.25,0.0,0.8,0.6666666666666667,0.0,0.034207675868731496,0.6206896551724138,0.37037037037037035,1.0,0.1764705882352941,1.0,1.0,0.5,0.0,0.0,0.2631578947368421,0.97,0.2714723926380368,0.26252505010020044,0.011424944462075537,1
0.0,0.0,0.0,0.8,1.0,1.0,0.01165139494715886,0.6206896551724138,0.37037037037037035,1.0,0.0,0.125,1.0,0.75,0.0,0.0,0.8421052631578947,1.0,0.5337423312883436,0.3647294589178357,0.4719136781973977,2
0.0,1.0,1.0,0.8,0.6666666666666667,0.0,0.03777432984962478,0.6206896551724138,0.37037037037037035,1.0,0.4117647058823529,0.5,0.5051546391752577,0.75,0.0,0.0,0.894736842105263,0.0,0.46319018404907975,0.1369405477621911,0.2215169787369089,1
0.0,0.0,0.0,0.8,0.6666666666666667,0.0,0.0017028211208368615,0.6206896551724138,0.37037037037037035,1.0,0.1764705882352941,0.625,0.8969072164948453,0.75,0.0,0.0,0.6842105263157894,0.87,0.36042944785276076,0.1369405477621911,0.000634719136782036,1
1.0,0.25,0.0,0.8,0.6666666666666667,0.0,0.11398167393659062,0.6551724137931035,0.37037037037037035,1.0,0.0,0.625,1.0,0.75,0.0,0.0,0.7894736842105263,0.86,0.5611305872042068,0.7595190380761523,0.7718184703268803,2
1.0,0.25,0.0,0.8,0.6666666666666667,0.0,0.07954467831806158,0.6206896551724138,0.37037037037037035,1.0,0.1764705882352941,0.625,0.768041237113402,0.5,0.0,0.0,0.5263157894736843,0.98,0.37269938650306755,0.7595190380761523,0.01174230403046661,1
0.0,0.0,0.0,0.6000000000000001,0.6666666666666667,0.0,0.2958810269621476,0.7931034482758621,0.37037037037037035,1.0,0.1764705882352941,0.375,0.8711340206185567,1.0,0.5,0.0,0.6842105263157894,0.8500000000000001,0.37269938650306755,0.7595190380761523,0.014281180577594421,1
1.0,0.25,0.0,0.8,0.6666666666666667,0.0,0.04433189886511121,0.6206896551724138,0.37037037037037035,1.0,0.1764705882352941,0.5,1.0,0.75,0.0,0.0,0.3684210526315789,0.95,0.5687992988606486,0.7595190380761523,0.015550618851158382,2
0.0,0.0,0.0,0.8,0.6666666666666667,0.0,0.05010392575895076,0.6551724137931035,0.37037037037037035,1.0,0.1764705882352941,0.625,1.0,1.0,0.0,0.0,0.7894736842105263,0.86,0.2622699386503068,0.7595190380761523,0.006664550936210767,2
1.0,0.25,0.0,0.8,0.6666666666666667,0.0,0.08667310713623547,0.6206896551724138,0.37037037037037035,1.0,0.1764705882352941,0.0,0.7242268041237114,0.5,0.0,0.0,1.0,0.86,0.4401840490797546,0.7595190380761523,0.009203427483338689,1
0.0,0.0,0.0,0.8,0.6666666666666667,1.0,0.08593635645071576,0.6206896551724138,0.37037037037037035,1.0,0.0,0.125,0.7886597938144329,0.75,0.0,0.0,0.8421052631578947,0.04999999999999999,0.5015337423312883,0.24348697394789587,0.3551253570295144,2
0.0,0.0,0.0,0.8,0.6666666666666667,0.0,0.051923846326492745,0.6206896551724138,0.37037037037037035,1.0,0.1764705882352941,0.0,1.0,0.75,0.0,0.0,0.47368421052631576,0.96,0.2622699386503068,0.24348697394789587,0.012059663598857573,1
0.0,0.0,1.0,0.8,0.6666666666666667,0.0,0.18843740546659252,0.5862068965517242,0.37037037037037035,1.0,0.1764705882352941,0.5,0.8376288659793816,0.5,0.0,0.0,0.05263157894736842,0.91,0.4717353198948291,0.24348697394789587,0.014281180577594421,1
0.0,0.0,1.0,0.8,0.0,0.0,0.05247031041111663,0.6551724137931035,0.37037037037037035,1.0,1.0,0.625,0.48453608247422686,0.25,0.0,1.0,0.2631578947368421,0.88,0.5521472392638037,0.5103540414161658,0.7096159949222468,1
1.0,0.25,1.0,0.8,0.6666666666666667,0.0,0.06421440908691708,0.6551724137931035,0.37037037037037035,1.0,0.1764705882352941,0.625,0.6649484536082475,0.5,0.0,0.0,0.6842105263157894,0.8,0.5337423312883436,0.5103540414161658,0.016185337987940418,1
1.0,0.25,1.0,0.4000000000000001,0.3333333333333333,1.0,0.546239644017682,0.41379310344827586,0.37037037037037035,0.0,0.1764705882352941,0.125,0.32731958762886604,0.5,0.75,0.6666666666666666,0.631578947368421,0.86,0.511831726555653,0.5103540414161658,0.0019041574103459968,1
0.0,0.0,0.0,0.8,1.0,0.0,0.1337568429989168,0.6551724137931035,0.37037037037037035,1.0,0.1764705882352941,0.5,0.9226804123711341,0.5,0.0,0.0,0.0,0.02999999999999997,0.4125766871165645,0.5103540414161658,0.014281180577594421,1
0.0,0.0,1.0,0.8,0.6666666666666667,1.0,0.13202962616001637,0.6551724137931035,0.37037037037037035,1.0,0.1764705882352941,0.125,0.768041237113402,0.75,0.0,0.0,0.5789473684210527,0.96,0.5199386503067485,0.5103540414161658,0.008886067914947726,2
1.0,0.25,0.0,0.4000000000000001,0.6666666666666667,0.0,0.03685217170682201,0.4827586206896552,0.37037037037037035,1.0,0.1764705882352941,0.0,0.693298969072165,0.5,0.75,0.0,0.2631578947368421,0.94,0.2714723926380368,0.5103540414161658,0.005395112662646806,1
0.0,0.5,0.0,0.8,0.6666666666666667,0.0,0.08969817617611756,0.6206896551724138,0.37037037037037035,1.0,0.1764705882352941,0.625,0.8453608247422681,0.75,0.0,0.0,0.894736842105263,0.89,0.4217791411042945,0.5103540414161658,0.013329101872421534,1
0.0,0.75,1.0,0.8,0.6666666666666667,0.0,0.14330532704899637,0.6551724137931035,0.37037037037037035,1.0,0.1764705882352941,0.625,0.8170103092783505,1.0,0.0,0.0,0.5263157894736843,0.98,0.4125766871165645,0.5103540414161658,0.009838146620120614,2
0.0,0.0,1.0,0.8,0.6666666666666667,0.0,0.06113079032368238,0.6206896551724138,0.37037037037037035,1.0,0.1764705882352941,0.625,0.768041237113402,0.75,0.0,0.0,0.631578947368421,0.9299999999999999,0.4003067484662577,0.5103540414161658,0.01174230403046661,1
0.0,0.0,1.0,0.4000000000000001,0.6666666666666667,0.0,0.20919328239507398,0.7241379310344828,0.37037037037037035,1.0,0.1764705882352941,0.5,1.0,0.5,0.75,0.0,0.8421052631578947,0.02999999999999997,0.11262050832602977,0.5103540414161658,0.0009520787051729984,1
0.0,0.0,1.0,0.8,0.6666666666666667,1.0,0.026464474955355838,0.6206896551724138,0.37037037037037035,1.0,0.9411764705882353,0.125,0.8195876288659794,0.5,0.0,0.0,0.9473684210526316,0.8400000000000001,0.5429447852760736,0.5614562458249834,0.6947000952078705,1
1.0,0.25,1.0,0.8,0.6666666666666667,0.0,0.007894454365369785,0.6206896551724138,0.37037037037037035,1.0,0.6470588235294118,0.25,0.5309278350515464,0.5,0.0,0.0,0.47368421052631576,0.9,0.4217791411042945,0.30026720106880433,0.3456045699777849,1
1.0,0.25,1.0,0.8,0.6666666666666667,0.0,0.016828166320247473,0.6206896551724138,0.37037037037037035,1.0,0.1764705882352941,0.625,1.0,1.0,0.0,0.0,0.5263157894736843,0.96,0.33282208588957063,0.30026720106880433,0.0031735956839099577,1
0.0,0.75,0.0,0.8,1.0,1.0,0.03873064199771656,0.6206896551724138,0.37037037037037035,1.0,0.1764705882352941,0.125,0.7422680412371134,0.5,0.0,0.0,0.5789473684210527,0.06,0.4217791411042945,0.30026720106880433,0.004760393525864881,1
0.0,0.0,0.0,1.0000000000000002,0.6666666666666667,0.0,0.09099114923348653,0.06896551724137931,0.2222222222222222,1.0,0.1764705882352941,0.5,1.0,1.0,0.0,0.0,0.05263157894736842,0.8400000000000001,0.4003067484662577,0.30026720106880433,0.010790225325293612,1
0.0,0.0,0.0,0.8,0.6666666666666667,0.0,0.08301862857031331,0.6206896551724138,0.37037037037037035,1.0,0.1764705882352941,0.625,0.6391752577319588,1.0,0.0,0.0,0.15789473684210525,0.89,0.4003067484662577,0.30026720106880433,0.018089495398286304,1
0.0,0.0,0.0,0.8,0.6666666666666667,0.0,0.1058383832469725,0.6551724137931035,0.37037037037037035,1.0,0.1764705882352941,0.5,0.8788659793814435,1.0,0.0,0.0,0.21052631578947367,0.87,0.2929447852760736,0.30026720106880433,0.013646461440812496,1
0.0,0.0,0.0,0.8,0.0,0.0,0.037218107477775514,0.6206896551724138,0.37037037037037035,1.0,0.7647058823529411,0.625,0.3118556701030928,0.25,0.0,1.0,0.10526315789473684,0.9199999999999999,0.34202453987730064,0.06446225784903137,0.11298000634719141,2
1.0,0.25,0.0,0.8,0.6666666666666667,0.0,0.13134654605423654,0.6551724137931035,0.37037037037037035,1.0,1.0,0.625,1.0,0.5,0.0,0.0,0.8421052631578947,0.21000000000000002,0.4923312883435583,0.6376085504342017,0.6559822278641702,2
0.0,0.0,0.0,1.0000000000000002,0.6666666666666667,0.0,0.08784898074689931,0.06896551724137931,0.18518518518518517,1.0,0.1764705882352941,0.5,0.8144329896907216,0.5,0.0,0.0,0.0,0.8300000000000001,0.38190184049079756,0.6376085504342017,0.010790225325293612,1
1.0,0.25,1.0,0.8,1.0,0.0,0.011553812074904607,0.6206896551724138,0.37037037037037035,1.0,0.1764705882352941,0.625,1.0,0.5,0.0,0.0,0.631578947368421,0.96,0.38190184049079756,0.6376085504342017,0.006664550936210767,1
0.0,0.0,1.0,0.8,0.3333333333333333,0.0,0.039101456912282756,0.6206896551724138,0.37037037037037035,1.0,0.1764705882352941,0.625,0.8067010309278351,0.5,0.0,0.6666666666666666,0.2631578947368421,0.9299999999999999,0.35122699386503065,0.6376085504342017,0.007616629641383765,1
0.0,0.0,1.0,1.0000000000000002,0.6666666666666667,0.0,0.11604067254115555,0.06896551724137931,0.48148148148148145,1.0,0.1764705882352941,1.0,1.0,1.0,0.0,0.0,0.894736842105263,0.91,0.2806748466257669,0.6376085504342017,0.014281180577594421,1
1.0,0.25,0.0,0.8,0.6666666666666667,0.0,0.09011290338319819,0.6206896551724138,0.37037037037037035,1.0,0.0,0.375,0.713917525773196,0.75,0.0,0.0,0.3157894736842105,0.94,0.593558282208589,0.5888443553774216,0.6940653760710885,1
0.0,0.0,1.0,0.6000000000000001,1.0,1.0,0.3119773217404881,0.7931034482758621,0.37037037037037035,1.0,0.0,0.125,1.0,1.0,0.375,0.0,0.631578947368421,0.94,0.5337423312883436,0.38744154976619916,0.41002856236115515,3
1.0,0.25,1.0,0.4000000000000001,0.6666666666666667,0.0,0.23442821316002613,0.27586206896551724,0.37037037037037035,1.0,0.7647058823529411,0.25,0.9226804123711341,0.75,0.625,0.0,0.9473684210526316,0.88,0.2883435582822086,0.3082832331329326,0.3614725483973342,2
0.0,0.0,1.0,0.8,0.3333333333333333,0.0,0.04156054529309014,0.6206896551724138,0.37037037037037035,1.0,0.29411764705882354,0.375,0.6237113402061856,1.0,0.0,0.6666666666666666,0.736842105263158,0.8500000000000001,0.5996932515337424,0.10587842351369403,0.21993018089495397,1
1.0,0.25,0.0,0.8,0.3333333333333333,0.0,0.07428008235994418,0.6551724137931035,0.37037037037037035,1.0,1.0,0.0,0.3298969072164948,1.0,0.0,0.8333333333333333,0.05263157894736842,0.8400000000000001,0.5611305872042068,0.38476953907815636,0.47064423992383375,1
0.0,0.0,0.0,0.8,0.6666666666666667,0.0,0.0046449447193028515,0.6206896551724138,0.37037037037037035,1.0,0.5294117647058824,0.625,0.6005154639175259,0.75,0.0,0.0,0.21052631578947367,0.87,0.5720858895705522,0.3714094856379426,0.5560139638210092,1
1.0,0.25,0.0,0.8,1.0,0.0,0.06297998575290062,0.6551724137931035,0.37037037037037035,1.0,0.6470588235294118,0.5,0.7938144329896908,1.0,0.0,0.0,0.5789473684210527,0.86,0.5720858895705522,0.7030728122912493,0.7108854331958109,1
1.0,0.25,0.0,0.8,0.6666666666666667,0.0,0.14453487123940004,0.5862068965517242,0.37037037037037035,1.0,0.0,0.5,0.7835051546391754,1.0,0.0,0.0,0.2631578947368421,0.96,0.6165644171779142,0.30260521042084176,0.4620755315772771,2
1.0,0.25,0.0,0.8,0.6666666666666667,0.0,0.14237341061896816,0.6551724137931035,0.37037037037037035,0.0,0.1764705882352941,0.625,0.8195876288659794,0.5,0.0,0.0,0.6842105263157894,0.94,0.5015337423312883,0.30260521042084176,0.014281180577594421,2
1.0,0.25,0.0,0.4000000000000001,1.0,0.0,0.23667749836548688,0.27586206896551724,0.37037037037037035,1.0,0.1764705882352941,0.25,0.8969072164948453,1.0,0.875,0.0,0.7894736842105263,0.88,0.2929447852760736,0.30260521042084176,0.017454776261504268,2
1.0,0.25,1.0,0.8,0.6666666666666667,0.0,0.0960117880109683,0.6206896551724138,0.37037037037037035,1.0,0.6470588235294118,0.375,1.0,0.5,0.0,0.0,0.631578947368421,0.8500000000000001,0.5611305872042068,0.7251169004676019,0.8140272929228817,2
0.0,0.0,1.0,0.8,0.6666666666666667,0.0,0.009538725762854111,0.6206896551724138,0.37037037037037035,1.0,0.1764705882352941,0.375,0.654639175257732,0.5,0.0,0.0,0.736842105263158,0.91,0.8542944785276073,0.7251169004676019,0.0009520787051729984,2
1.0,0.25,0.0,1.0000000000000002,0.6666666666666667,0.0,0.08195985440635459,0.06896551724137931,0.3333333333333333,1.0,0.1764705882352941,1.0,0.7938144329896908,1.0,0.0,0.0,0.42105263157894735,0.8400000000000001,0.5199386503067485,0.7251169004676019,0.008568708346556653,2
0.0,0.5,0.0,0.8,0.6666666666666667,0.0,0.008553138753086054,0.6206896551724138,0.37037037037037035,0.0,0.0,0.375,0.5283505154639175,0.75,0.0,0.0,0.6842105263157894,0.88,0.5720858895705522,0.0531062124248497,0.10536337670580775,2
0.0,0.0,1.0,0.8,0.6666666666666667,0.0,0.07038652575699914,0.6206896551724138,0.37037037037037035,1.0,0.1764705882352941,0.25,0.9484536082474226,0.5,0.0,0.0,0.6842105263157894,0.12,0.36042944785276076,0.0531062124248497,0.01650269755633138,2
0.0,0.5,0.0,0.8,0.6666666666666667,0.0,0.006752734759994911,0.6206896551724138,0.37037037037037035,1.0,1.0,0.5,0.8711340206185567,1.0,0.0,0.0,0.7894736842105263,0.020000000000000018,0.46319018404907975,0.6583166332665331,0.68486194858775,1
1.0,0.25,1.0,0.0,0.6666666666666667,1.0,0.18695414580832773,0.7586206896551725,0.37037037037037035,0.0,0.29411764705882354,0.125,0.7809278350515465,0.75,0.0,0.0,0.15789473684210525,0.88,0.5904907975460123,0.39512358049432206,0.563630593462393,1
1.0,0.25,0.0,0.4000000000000001,0.6666666666666667,0.0,0.24822155215316608,0.10344827586206896,0.37037037037037035,1.0,0.1764705882352941,0.5,0.8453608247422681,0.75,0.75,0.0,0.47368421052631576,0.9299999999999999,0.14132340052585457,0.39512358049432206,0.006981910504601729,2
0.0,0.5,1.0,0.8,0.6666666666666667,0.0,0.08139875289089257,0.6206896551724138,0.37037037037037035,1.0,0.6470588235294118,0.5,0.6907216494845361,1.0,0.0,0.0,0.9473684210526316,0.88,0.5429447852760736,0.07247828991315963,0.12345287210409395,1
1.0,0.25,1.0,1.0000000000000002,0.6666666666666667,0.0,0.08178908437990964,0.06896551724137931,0.25925925925925924,1.0,0.1764705882352941,0.0,0.7371134020618557,0.5,0.0,0.0,0.15789473684210525,0.18,0.33282208588957063,0.07247828991315963,0.009838146620120614,1
0.0,0.5,1.0,0.8,0.6666666666666667,0.0,0.0003366609092771977,0.6206896551724138,0.37037037037037035,1.0,0.8823529411764706,0.625,1.0,0.75,0.0,0.0,0.5263157894736843,0.91,0.5720858895705522,0.3440213760855044,0.45414154236750237,2
0.0,0.5,0.0,0.8,0.6666666666666667,0.0,0.09721693648330845,0.6551724137931035,0.37037037037037035,0.0,0.9411764705882353,0.375,0.8711340206185567,0.75,0.0,0.0,0.47368421052631576,0.91,0.5429447852760736,0.8603874415497663,0.852427800698191,1
1.0,0.25,1.0,0.8,0.6666666666666667,0.0,0.05138714052909435,0.6551724137931035,0.37037037037037035,1.0,0.0,0.5,0.7938144329896908,1.0,0.0,0.0,0.631578947368421,0.010000000000000009,0.5611305872042068,0.8239812959251838,0.8283084735004761,2
1.0,0.25,1.0,0.8,0.6666666666666667,0.0,0.026259550923621894,0.6206896551724138,0.37037037037037035,1.0,0.23529411764705882,0.5,1.0,0.5,0.0,0.0,0.5263157894736843,0.99,0.5996932515337424,0.34034736138944555,0.4792129482703904,2
1.0,0.25,0.0,0.8,0.3333333333333333,0.0,0.07990085580178966,0.6206896551724138,0.37037037037037035,1.0,0.23529411764705882,0.5,0.6391752577319588,0.5,0.0,0.6666666666666666,0.7894736842105263,0.88,0.5996932515337424,0.302939211756847,0.33608378292605523,1
0.0,1.0,1.0,0.8,1.0,0.0,0.08932248211793867,0.6206896551724138,0.37037037037037035,1.0,0.1764705882352941,0.25,0.6391752577319588,1.0,0.0,0.0,0.15789473684210525,0.88,0.4003067484662577,0.302939211756847,0.005395112662646806,2
1.0,0.25,0.0,0.4000000000000001,0.6666666666666667,0.0,0.21876616216321712,0.27586206896551724,0.37037037037037035,1.0,0.1764705882352941,0.25,0.6623711340206185,1.0,0.75,0.0,0.736842105263158,0.91,0.2714723926380368,0.302939211756847,0.004443033957473808,1
0.0,0.0,0.0,0.4000000000000001,0.6666666666666667,0.0,0.3657113303472974,0.9655172413793104,0.37037037037037035,1.0,0.0,0.625,0.7113402061855669,0.5,0.875,0.0,0.5789473684210527,1.0,0.2806748466257669,0.0,0.12059663598857506,2
0.0,0.75,0.0,0.8,0.6666666666666667,0.0,0.07602193662968273,0.6206896551724138,0.37037037037037035,1.0,0.1764705882352941,1.0,1.0,0.75,0.0,0.0,0.3684210526315789,0.98,0.36042944785276076,0.0,0.008886067914947726,2
0.0,0.0,1.0,0.8,0.6666666666666667,0.0,0.039686954145808334,0.6206896551724138,0.37037037037037035,1.0,0.0,0.375,1.0,1.0,0.0,0.0,0.15789473684210525,0.86,0.5812883435582822,0.02972611890447563,0.07648365598222795,2
0.0,0.0,1.0,0.4000000000000001,0.6666666666666667,0.0,0.4677830147252554,0.41379310344827586,0.37037037037037035,1.0,0.1764705882352941,0.5,0.6391752577319588,1.0,0.875,0.0,0.631578947368421,1.0,0.43733567046450483,0.02972611890447563,0.0031735956839099577,2
0.0,0.5,1.0,0.4000000000000001,0.6666666666666667,1.0,0.5072016159723645,0.41379310344827586,0.37037037037037035,1.0,0.4117647058823529,0.125,0.8195876288659794,0.75,0.75,0.0,0.3684210526315789,0.08999999999999997,0.5199386503067485,0.3680694722778891,0.4811171056807363,3
1.0,0.25,0.0,0.6000000000000001,0.6666666666666667,0.0,0.20086458424817275,0.7931034482758621,0.37037037037037035,1.0,0.1764705882352941,0.5,0.7938144329896908,0.5,0.75,0.0,0.05263157894736842,0.87,0.45398773006134974,0.3680694722778891,0.004760393525864881,1
0.0,0.0,0.0,0.8,0.3333333333333333,1.0,0.013193204328776215,0.6206896551724138,0.37037037037037035,1.0,0.1764705882352941,0.125,0.38144329896907214,0.75,0.0,0.8333333333333333,0.15789473684210525,0.04999999999999999,0.16104294478527614,0.3680694722778891,0.0031735956839099577,1
0.0,0.0,1.0,0.8,0.6666666666666667,0.0,0.006742976472769502,0.6206896551724138,0.37037037037037035,1.0,0.8235294117647058,0.375,0.8969072164948453,1.0,0.0,0.0,0.3157894736842105,0.98,0.7607361963190183,0.03440213760855049,0.12313551253570298,2
1.0,0.25,1.0,0.8,0.6666666666666667,0.0,0.06308244776876762,0.6551724137931035,0.37037037037037035,1.0,0.1764705882352941,0.0,0.768041237113402,0.5,0.0,0.0,0.631578947368421,0.87,0.6288343558282209,0.03440213760855049,0.015550618851158382,1
0.0,0.5,1.0,0.4000000000000001,0.6666666666666667,0.0,0.21215004342437813,0.27586206896551724,0.37037037037037035,1.0,0.4117647058823529,0.625,0.7938144329896908,0.5,0.625,0.0,0.05263157894736842,0.8500000000000001,0.2806748466257669,0.36940547762191056,0.4474769914312917,1
1.0,0.25,0.0,0.8,0.6666666666666667,0.0,0.05416337324472806,0.6206896551724138,0.37037037037037035,1.0,0.1764705882352941,0.625,0.6159793814432989,0.5,0.0,0.0,0.05263157894736842,0.8500000000000001,0.3021472392638037,0.36940547762191056,0.0031735956839099577,2
1.0,0.25,0.0,0.4000000000000001,0.6666666666666667,0.0,0.0278306351669155,0.4827586206896552,0.37037037037037035,1.0,0.1764705882352941,0.625,0.5644329896907216,0.5,0.75,0.0,0.3157894736842105,0.9199999999999999,0.3019281332164768,0.36940547762191056,0.01650269755633138,1
1.0,0.25,0.0,0.8,0.6666666666666667,0.0,0.03435405017711293,0.6206896551724138,0.37037037037037035,1.0,0.1764705882352941,0.625,0.9510309278350515,0.75,0.0,0.0,0.736842105263158,0.87,0.3911042944785277,0.36940547762191056,0.004125674389082845,2
1.0,0.25,1.0,0.4000000000000001,0.6666666666666667,0.0,0.20872976375186628,0.27586206896551724,0.37037037037037035,1.0,0.1764705882352941,0.25,0.5670103092783505,0.5,0.875,0.0,0.7894736842105263,0.02999999999999997,0.2806748466257669,0.36940547762191056,0.014281180577594421,1
0.0,0.0,0.0,0.0,0.6666666666666667,0.0,0.03353923319378985,0.034482758620689655,0.37037037037037035,1.0,0.1764705882352941,1.0,1.0,0.5,0.625,0.0,0.05263157894736842,0.8500000000000001,0.2552585451358458,0.36940547762191056,0.013963821009203459,1
0.0,0.0,0.0,0.8,0.6666666666666667,0.0,0.09188403251461305,0.6551724137931035,0.37037037037037035,1.0,0.47058823529411764,0.0,0.9175257731958764,0.75,0.0,0.0,1.0,0.8500000000000001,0.6963190184049081,0.4382097528390114,0.4531894636623295,2
0.0,0.0,1.0,0.8,1.0,0.0,0.07616343179445142,0.6551724137931035,0.37037037037037035,1.0,0.1764705882352941,0.5,0.8195876288659794,0.5,0.0,0.0,0.15789473684210525,0.08999999999999997,0.3021472392638037,0.4382097528390114,0.009838146620120614,1
0.0,0.5,1.0,1.0000000000000002,0.3333333333333333,1.0,0.13635254740088018,0.6896551724137931,0.37037037037037035,1.0,0.1764705882352941,0.125,0.3298969072164948,0.75,0.0,0.3333333333333333,0.7894736842105263,0.88,0.3315074496056092,0.4382097528390114,0.013646461440812496,2
1.0,0.25,0.0,0.0,0.6666666666666667,1.0,0.04856699552094615,0.034482758620689655,0.37037037037037035,1.0,0.29411764705882354,0.125,0.6907216494845361,0.75,0.5,0.0,0.8421052631578947,0.86,0.5429447852760736,0.625250501002004,0.6420184068549667,1
1.0,0.25,0.0,0.4000000000000001,0.6666666666666667,0.0,0.10513090742312911,0.44827586206896547,0.37037037037037035,1.0,0.1764705882352941,0.625,0.8195876288659794,0.5,0.625,0.0,0.9473684210526316,1.0,0.5666082383873795,0.625250501002004,0.006347191367819804,1
1.0,0.25,1.0,0.4000000000000001,0.6666666666666667,0.0,0.20745630726894812,0.9310344827586207,0.37037037037037035,1.0,0.1764705882352941,0.625,0.5541237113402062,0.75,0.625,0.0,0.631578947368421,0.9,0.1619193689745837,0.625250501002004,0.014281180577594421,1
1.0,0.25,0.0,0.8,0.0,0.0,0.09258175005123101,0.6206896551724138,0.37037037037037035,1.0,0.1764705882352941,0.5,0.3298969072164948,0.25,0.125,1.0,1.0,0.03999999999999998,0.5107361963190185,0.625250501002004,0.0009520787051729984,1
1.0,0.25,0.0,0.8,0.6666666666666667,0.0,0.1008421401875543,0.5862068965517242,0.37037037037037035,1.0,0.1764705882352941,0.625,0.9561855670103094,1.0,0.0,0.0,0.736842105263158,0.97,0.4614373356704645,0.625250501002004,0.004443033957473808,1
0.0,0.5,0.0,0.8,1.0,0.0,0.08479463684534091,0.6206896551724138,0.37037037037037035,1.0,1.0,0.625,0.768041237113402,0.75,0.0,0.0,0.7894736842105263,1.0,0.4125766871165645,0.4108216432865732,0.46302761028245,2
0.0,0.5,0.0,0.8,0.6666666666666667,0.0,0.01422270363105868,0.6206896551724138,0.37037037037037035,1.0,0.1764705882352941,0.375,0.768041237113402,0.75,0.0,0.0,0.42105263157894735,0.9,0.5996932515337424,0.4108216432865732,0.006664550936210767,1
1.0,0.25,1.0,1.0000000000000002,0.0,0.0,0.0645364325653561,0.06896551724137931,0.5925925925925926,1.0,0.1764705882352941,1.0,0.17783505154639173,0.25,0.0,0.5,0.21052631578947367,0.99,0.33282208588957063,0.4108216432865732,0.013329101872421534,1
0.0,0.0,1.0,0.0,0.6666666666666667,0.0,0.08761478185348906,0.0,0.37037037037037035,1.0,0.1764705882352941,0.5,0.7164948453608246,1.0,0.625,0.0,0.42105263157894735,0.86,0.3021472392638037,0.4108216432865732,0.01301174230403046,2
1.0,0.25,1.0,0.8,0.6666666666666667,0.0,0.0795739531797379,0.6206896551724138,0.37037037037037035,1.0,0.1764705882352941,0.625,0.9226804123711341,0.5,0.0,0.0,0.15789473684210525,0.88,0.35122699386503065,0.4108216432865732,0.01523325928276742,1
1.0,0.25,0.0,1.0000000000000002,0.6666666666666667,0.0,0.07354821081803722,0.06896551724137931,0.4444444444444444,1.0,0.1764705882352941,0.5,0.768041237113402,0.75,0.0,0.0,0.894736842105263,0.8400000000000001,0.6226993865030676,0.4108216432865732,0.008886067914947726,1
1.0,0.25,0.0,0.8,0.6666666666666667,0.0,0.09092772036652128,0.5862068965517242,0.37037037037037035,1.0,0.1764705882352941,0.5,0.6726804123711341,0.75,0.0,0.0,0.5789473684210527,0.95,0.7600788781770377,0.4108216432865732,0.011107584893684574,1
1.0,0.25,1.0,0.8,0.6666666666666667,0.0,0.08772212301296875,0.6206896551724138,0.37037037037037035,1.0,0.1764705882352941,0.375,0.8350515463917527,1.0,0.0,0.0,0.47368421052631576,0.9,0.2806748466257669,0.4108216432865732,0.011107584893684574,1
0.0,0.0,0.0,0.8,0.6666666666666667,0.0,0.06924480615162429,0.6206896551724138,0.37037037037037035,0.0,0.1764705882352941,0.5,0.5876288659793815,1.0,0.0,0.0,0.631578947368421,0.03999999999999998,0.4923312883435583,0.4108216432865732,0.008886067914947726,1
0.0,0.0,1.0,0.6000000000000001,1.0,0.0,0.23392078222430399,0.7931034482758621,0.37037037037037035,1.0,0.1764705882352941,0.625,0.8711340206185567,1.0,0.625,0.0,0.0,0.9,0.32055214723926384,0.4108216432865732,0.0031735956839099577,2
1.0,0.25,1.0,0.4000000000000001,0.6666666666666667,0.0,0.21982493632717584,0.10344827586206896,0.37037037037037035,1.0,0.1764705882352941,0.5,0.5876288659793815,0.5,0.75,0.0,0.6842105263157894,0.8500000000000001,0.09750219106047331,0.4108216432865732,0.018089495398286304,1
1.0,0.25,0.0,0.8,0.6666666666666667,1.0,0.07664158786849731,0.6206896551724138,0.37037037037037035,0.5,0.0,0.125,0.8711340206185567,1.0,0.0,0.0,0.5263157894736843,0.98,0.736196319018405,0.6843687374749499,0.8156140907648365,1
1.0,0.25,0.0,0.8,0.6666666666666667,0.0,0.13249802394683682,0.6551724137931035,0.37037037037037035,1.0,0.0,0.375,0.7242268041237114,0.5,0.0,0.0,0.10526315789473684,0.2,0.5720858895705522,0.16366065464261859,0.2161218660742622,1
0.0,0.0,0.0,1.0000000000000002,0.6666666666666667,0.0,0.0650097094957893,0.06896551724137931,0.7037037037037037,1.0,0.1764705882352941,0.5,0.6623711340206185,0.5,0.0,0.0,0.894736842105263,0.08000000000000002,0.3021472392638037,0.16366065464261859,0.009838146620120614,1
0.0,0.0,0.0,0.8,0.6666666666666667,0.0,0.016428076544004994,0.6206896551724138,0.37037037037037035,1.0,0.9411764705882353,0.5,0.7371134020618557,0.75,0.0,0.0,0.0,0.08000000000000002,0.5611305872042068,0.26586506346025385,0.34687400825134884,1
0.0,1.0,1.0,0.8,0.6666666666666667,0.0,0.10797544814934082,0.6551724137931035,0.37037037037037035,1.0,0.5882352941176471,0.875,0.768041237113402,0.75,0.0,0.0,0.736842105263158,0.97,0.883435582822086,1.0,0.9999999999999999,1
0.0,0.5,0.0,0.8,0.6666666666666667,0.0,0.055100168818369016,0.6206896551724138,0.37037037037037035,1.0,0.1764705882352941,0.5,0.7963917525773196,1.0,0.0,0.0,0.15789473684210525,0.06,0.4309815950920246,1.0,0.014281180577594421,1
0.0,0.75,1.0,1.0000000000000002,1.0,0.0,0.09441630804961113,0.06896551724137931,0.5185185185185185,1.0,0.1764705882352941,0.5,0.768041237113402,0.5,0.0,0.0,0.2631578947368421,0.04999999999999999,1.0,1.0,0.017454776261504268,1
0.0,0.0,0.0,0.8,0.3333333333333333,0.0,0.08772212301296875,0.6206896551724138,0.37037037037037035,1.0,0.1764705882352941,0.625,0.3402061855670103,1.0,0.0,0.6666666666666666,0.894736842105263,0.9,0.35122699386503065,1.0,0.005395112662646806,1
1.0,0.25,1.0,0.4000000000000001,0.6666666666666667,0.0,0.1475209071303805,0.4827586206896552,0.37037037037037035,1.0,0.5294117647058824,0.0,1.0,0.5,0.625,0.0,0.5263157894736843,0.8500000000000001,0.2806748466257669,0.3346693386773547,0.44906378927324664,1
0.0,0.0,1.0,0.6000000000000001,0.6666666666666667,1.0,0.2701581818359241,0.7931034482758621,0.37037037037037035,0.5,0.5294117647058824,0.125,0.8969072164948453,0.5,0.5,0.0,0.42105263157894735,0.9,0.4309815950920246,0.06980627922511695,0.23675023801967632,2
0.0,0.0,0.0,0.8,0.6666666666666667,0.0,0.14523746791963074,0.6551724137931035,0.37037037037037035,1.0,1.0,0.625,0.8453608247422681,0.5,0.0,0.0,0.21052631578947367,0.88,0.5996932515337424,0.5317301269205077,0.5966359885750555,2
1.0,0.25,1.0,0.4000000000000001,0.6666666666666667,0.0,0.15117050655268985,0.4827586206896552,0.37037037037037035,0.0,0.1764705882352941,0.25,1.0,0.75,0.875,0.0,0.3684210526315789,0.03999999999999998,0.2622699386503068,0.5317301269205077,0.014281180577594421,1
1.0,0.25,0.0,1.0000000000000002,0.6666666666666667,0.0,0.06251646710969291,0.06896551724137931,0.037037037037037035,1.0,0.1764705882352941,0.5,0.43556701030927836,0.5,0.0,0.0,0.7894736842105263,0.8200000000000001,0.5611305872042068,0.5317301269205077,0.013329101872421534,2
0.0,0.5,1.0,0.8,1.0,0.0,0.06575621846853438,0.6206896551724138,0.37037037037037035,1.0,0.47058823529411764,0.625,0.8711340206185567,1.0,0.0,0.0,0.736842105263158,0.86,0.47239263803680986,0.33700734802939214,0.3563947953030784,2
0.0,0.5,1.0,0.8,0.6666666666666667,0.0,0.2143407789064863,0.5517241379310345,0.37037037037037035,1.0,0.1764705882352941,0.25,0.7242268041237114,0.5,0.0,0.0,0.9473684210526316,0.03999999999999998,0.5552147239263804,0.33700734802939214,0.0003173595683910735,1
0.0,0.0,1.0,1.0000000000000002,0.6666666666666667,0.0,0.05283624618207014,0.06896551724137931,0.4074074074074074,1.0,0.1764705882352941,1.0,0.8711340206185567,0.75,0.0,0.0,0.5263157894736843,0.8400000000000001,0.5076687116564418,0.33700734802939214,0.01301174230403046,1
1.0,0.25,1.0,0.4000000000000001,0.6666666666666667,0.0,0.33643158952740615,0.24137931034482757,0.37037037037037035,1.0,0.7058823529411764,0.25,0.8273195876288659,0.5,0.875,0.0,0.42105263157894735,0.86,0.2714723926380368,0.20908483633934538,0.23579815931450332,1
1.0,0.25,0.0,0.8,1.0,0.0,0.023063711857294805,0.6206896551724138,0.37037037037037035,1.0,0.3529411764705882,0.375,0.8195876288659794,1.0,0.0,0.0,0.894736842105263,0.87,0.5429447852760736,0.33600534402137616,0.4722310377657887,2
0.0,0.0,0.0,0.8,0.6666666666666667,0.0,0.08305278257560231,0.6206896551724138,0.37037037037037035,1.0,0.1764705882352941,0.625,0.538659793814433,0.5,0.0,0.0,0.3157894736842105,0.88,0.24101665205959688,0.33600534402137616,0.009520787051729651,2
0.0,0.0,1.0,0.8,0.6666666666666667,0.0,0.10487719195526798,0.6551724137931035,0.37037037037037035,1.0,0.1764705882352941,0.25,0.5128865979381443,1.0,0.0,0.0,0.15789473684210525,0.97,0.3113496932515337,0.33600534402137616,0.0050777530942558435,2
1.0,0.25,0.0,0.8,0.6666666666666667,1.0,0.17304370736848265,0.5862068965517242,0.37037037037037035,1.0,0.0,0.125,0.8711340206185567,0.5,0.0,0.0,0.21052631578947367,0.16999999999999998,0.5429447852760736,0.8363393453573815,0.8295779117740399,1
0.0,0.0,0.0,0.8,0.3333333333333333,0.0,0.025508162807264062,0.6206896551724138,0.37037037037037035,1.0,0.29411764705882354,0.0,0.35567010309278346,0.5,0.0,1.0,0.631578947368421,0.9199999999999999,0.47239263803680986,0.3894455577822312,0.5195176134560456,1
0.0,0.0,1.0,0.4000000000000001,0.6666666666666667,0.0,0.19446802697190588,0.7241379310344828,0.37037037037037035,1.0,0.1764705882352941,0.5,0.5927835051546392,0.75,0.875,0.0,0.8421052631578947,0.9199999999999999,0.11152497808939532,0.3894455577822312,0.017454776261504268,2
0.0,1.0,0.0,0.4000000000000001,0.6666666666666667,0.0,0.3033851498385003,0.9310344827586207,0.37037037037037035,1.0,0.1764705882352941,0.25,0.7938144329896908,0.75,1.0,0.0,0.3157894736842105,0.95,0.2622699386503068,0.3894455577822312,0.007299270072992692,1
0.0,0.0,1.0,0.8,0.6666666666666667,0.0,0.06501458863940199,0.6206896551724138,0.37037037037037035,1.0,0.4117647058823529,0.625,1.0,1.0,0.0,0.0,0.5263157894736843,0.86,0.5996932515337424,0.5477621910487642,0.5553792446842273,1
1.0,0.25,1.0,0.8,0.6666666666666667,0.0,0.04925007562672598,0.6206896551724138,0.37037037037037035,0.0,1.0,1.0,1.0,0.5,0.0,0.0,0.3157894736842105,0.07,0.5720858895705522,0.38744154976619916,0.46778800380831487,3
0.0,0.5,0.0,0.8,0.6666666666666667,0.0,0.06350693326307363,0.6206896551724138,0.37037037037037035,1.0,0.0,0.375,0.6391752577319588,1.0,0.0,0.0,0.42105263157894735,0.89,0.5996932515337424,0.7919171676686707,0.9343065693430658,3
0.0,0.0,0.0,0.8,0.6666666666666667,1.0,0.07163558652185367,0.6206896551724138,0.37037037037037035,1.0,0.8235294117647058,0.125,0.8195876288659794,0.75,0.0,0.0,0.7894736842105263,0.02999999999999997,0.5199386503067485,0.41148964595858384,0.5496667724531895,1
0.0,0.0,1.0,0.8,1.0,0.0,0.12422787552328815,0.6551724137931035,0.37037037037037035,1.0,0.8823529411764706,0.625,1.0,0.5,0.0,0.0,0.3157894736842105,0.14,0.4401840490797546,0.33166332665330667,0.3605204696921612,1
0.0,0.0,0.0,0.8,0.6666666666666667,0.0,0.0751388116357817,0.6551724137931035,0.37037037037037035,1.0,0.1764705882352941,0.625,0.5876288659793815,0.75,0.0,0.0,0.6842105263157894,0.88,0.3021472392638037,0.33166332665330667,0.0022215169787369593,2
0.0,0.0,1.0,0.8,0.6666666666666667,0.0,0.1017155068942299,0.6551724137931035,0.37037037037037035,1.0,0.1764705882352941,0.625,0.7603092783505156,0.75,0.0,0.0,0.631578947368421,0.88,0.32055214723926384,0.33166332665330667,0.0,2
0.0,0.0,0.0,0.8,0.0,0.0,0.01691599090527629,0.6206896551724138,0.37037037037037035,1.0,0.0,0.375,0.5360824742268042,0.25,0.0,0.8333333333333333,0.15789473684210525,0.91,0.7881244522348817,0.3800935203740815,0.40463344969850845,1
0.0,0.0,0.0,0.4000000000000001,1.0,0.0,0.855821306244328,0.1724137931034483,0.37037037037037035,1.0,0.1764705882352941,0.25,0.8969072164948453,1.0,0.75,0.0,0.7894736842105263,0.9299999999999999,0.6599474145486416,0.3800935203740815,0.0022215169787369593,1
0.0,0.0,0.0,0.4000000000000001,0.6666666666666667,0.0,0.21588258828810367,0.27586206896551724,0.37037037037037035,1.0,0.1764705882352941,0.25,1.0,0.5,0.625,0.0,0.5263157894736843,0.94,0.2622699386503068,0.3800935203740815,0.008568708346556653,2
0.0,1.0,0.0,0.8,0.6666666666666667,0.0,0.0,0.6206896551724138,0.37037037037037035,1.0,0.1764705882352941,0.625,0.8711340206185567,1.0,0.0,0.0,0.05263157894736842,0.94,0.3021472392638037,0.3800935203740815,0.009203427483338689,2
